global_step,eval_loss,train_loss
92,2.519651687663534,4.662533283233643
184,2.9181701152221016,1.6185569763183594
276,3.732302681259487,4.120190143585205
368,3.1543539995732517,1.1435672044754028
460,3.2450361510981685,1.619796633720398
552,3.2382556251857593,0.29167085886001587
644,3.491371968518133,0.11365748196840286
